issue_type,score,num_issues
label,0.9318181818181819,11
near_duplicate,0.6160344764108422,4
outlier,0.34530442089193386,7
